ITEMID,MONTH,INVENTLOCATIONID,MEAN_BY_MONTH
66100,1,1,2.2222222222222223
66100,1,11,1.5
66100,1,13,1.0
66100,1,20,1.0
66100,1,29,2.0
66100,1,50,2.235294117647059
66100,1,100,1.5714285714285714
66100,1,151,1.5
66100,1,205,3.3
66100,2,1,1.8181818181818181
66100,2,11,1.0
66100,2,20,1.75
66100,2,29,4.0
66100,2,50,2.6666666666666665
66100,2,100,2.8333333333333335
66100,2,151,1.4
66100,2,152,3.0
66100,2,205,2.0
66100,3,1,2.0
66100,3,11,1.0
66100,3,13,1.0
66100,3,20,1.5
66100,3,29,4.0
66100,3,50,1.9166666666666667
66100,3,100,3.111111111111111
66100,3,151,1.6
66100,3,152,1.0
66100,3,205,15.5
66100,4,1,2.4
66100,4,13,1.0
66100,4,20,2.5
66100,4,50,1.9444444444444444
66100,4,100,2.4285714285714284
66100,4,151,1.8076923076923077
66100,4,152,1.0
66100,4,205,2.0
66100,5,1,1.75
66100,5,20,2.0
66100,5,50,1.75
66100,5,100,1.5
66100,5,151,1.625
66100,5,152,1.0
66100,6,1,1.8
66100,6,13,3.0
66100,6,20,1.6666666666666667
66100,6,50,1.8181818181818181
66100,6,100,1.0
66100,6,151,1.3076923076923077
66100,6,152,1.0
66100,6,205,1.6666666666666667
66100,7,1,1.8
66100,7,20,2.0
66100,7,50,1.1666666666666667
66100,7,100,1.5
66100,7,151,1.1666666666666667
66100,7,152,2.0
66100,7,205,2.0
66100,8,1,2.0
66100,8,20,1.0
66100,8,29,4.5
66100,8,50,1.5555555555555556
66100,8,100,5.333333333333333
66100,8,151,2.375
66100,8,205,11.75
66100,9,1,2.272727272727273
66100,9,13,1.5
66100,9,20,1.3333333333333333
66100,9,50,2.25
66100,9,100,5.5
66100,9,151,2.0
66100,9,205,1.4
66100,10,1,1.6666666666666667
66100,10,13,1.0
66100,10,20,1.0
66100,10,29,3.0
66100,10,50,1.7857142857142858
66100,10,100,7.5
66100,10,151,1.625
66100,10,205,16.5
66100,11,1,3.4
66100,11,11,1.0
66100,11,29,2.0
66100,11,50,2.4285714285714284
66100,11,100,8.666666666666666
66100,11,151,1.7058823529411764
66100,11,152,1.0
66100,11,205,8.222222222222221
66100,12,1,1.7142857142857142
66100,12,11,2.0
66100,12,20,3.0
66100,12,50,1.4285714285714286
66100,12,100,2.2
66100,12,151,2.142857142857143
66100,12,152,1.0
66100,12,205,1.1428571428571428
1106331,1,1,1.2
1106331,1,11,2.0
1106331,1,13,1.3333333333333333
1106331,1,20,1.0
1106331,1,29,1.5
1106331,1,50,1.0833333333333333
1106331,1,100,1.125
1106331,1,151,1.0
1106331,1,152,1.0
1106331,1,205,1.3333333333333333
1106331,2,1,1.2
1106331,2,11,2.5
1106331,2,13,1.0
1106331,2,20,1.0
1106331,2,50,1.0666666666666667
1106331,2,100,1.4
1106331,2,151,1.0
1106331,2,152,1.0
1106331,2,205,1.3333333333333333
1106331,3,1,1.1538461538461537
1106331,3,11,3.0
1106331,3,13,1.5
1106331,3,20,1.0
1106331,3,29,1.0
1106331,3,50,1.0
1106331,3,100,1.0
1106331,3,152,1.0
1106331,4,1,1.3333333333333333
1106331,4,11,3.5
1106331,4,13,1.0
1106331,4,20,1.0
1106331,4,50,1.3333333333333333
1106331,4,100,1.5
1106331,4,151,1.0
1106331,4,152,1.0
1106331,4,205,1.0
1106331,5,1,1.0
1106331,5,11,1.0
1106331,5,20,4.0
1106331,5,29,1.0
1106331,5,50,1.0
1106331,5,100,1.0
1106331,5,151,1.0
1106331,5,152,1.0
1106331,5,205,1.0
1106331,6,1,1.3333333333333333
1106331,6,13,1.0
1106331,6,20,1.0
1106331,6,50,1.0
1106331,6,100,3.5
1106331,6,151,1.2
1106331,6,152,1.0
1106331,6,205,1.0
1106331,7,1,1.0
1106331,7,20,2.0
1106331,7,29,1.0
1106331,7,100,1.0
1106331,7,151,1.0
1106331,7,152,1.5
1106331,7,205,1.0
1106331,8,1,1.0
1106331,8,11,1.3333333333333333
1106331,8,13,1.0
1106331,8,20,1.0
1106331,8,29,1.0
1106331,8,50,1.0
1106331,8,100,1.25
1106331,8,151,1.0
1106331,8,152,1.0
1106331,8,205,1.0
1106331,9,1,1.5
1106331,9,11,1.0
1106331,9,20,1.0
1106331,9,50,1.0
1106331,9,100,1.0
1106331,9,151,1.0
1106331,9,152,1.0
1106331,9,205,1.0
1106331,10,1,1.3333333333333333
1106331,10,11,1.6666666666666667
1106331,10,13,1.0
1106331,10,20,1.0
1106331,10,50,1.5
1106331,10,100,1.25
1106331,10,151,1.0
1106331,10,152,1.5
1106331,10,205,1.0
1106331,11,1,1.4
1106331,11,11,2.0
1106331,11,20,1.0
1106331,11,29,1.75
1106331,11,50,1.4
1106331,11,100,1.0
1106331,11,151,1.0
1106331,11,205,1.0
1106331,12,1,1.2
1106331,12,11,1.0
1106331,12,13,1.0
1106331,12,20,1.0
1106331,12,50,1.2857142857142858
1106331,12,100,1.0
1106331,12,151,1.0
1106331,12,152,1.0
1106331,12,205,1.0
1561200,1,1,1.25
1561200,1,11,1.5
1561200,1,13,1.0
1561200,1,20,1.1428571428571428
1561200,1,29,1.0
1561200,1,50,1.3333333333333333
1561200,1,100,1.1666666666666667
1561200,1,151,1.0
1561200,1,152,1.0
1561200,1,205,1.0
1561200,2,1,1.6
1561200,2,11,1.0
1561200,2,13,1.2
1561200,2,20,1.0
1561200,2,50,1.0
1561200,2,100,1.0
1561200,2,152,1.6666666666666667
1561200,2,205,1.0
1561200,3,1,1.5
1561200,3,11,1.0
1561200,3,13,1.0
1561200,3,20,1.0
1561200,3,29,1.5
1561200,3,50,1.0
1561200,3,100,2.0
1561200,3,151,1.5
1561200,3,152,1.0
1561200,3,205,1.0
1561200,4,1,1.0
1561200,4,13,1.0
1561200,4,20,1.25
1561200,4,29,2.0
1561200,4,50,1.8333333333333333
1561200,4,100,1.25
1561200,4,151,1.5
1561200,4,152,2.0
1561200,4,205,1.0
1561200,5,1,2.0
1561200,5,11,1.0
1561200,5,13,1.0
1561200,5,20,1.0
1561200,5,29,4.0
1561200,5,50,1.3333333333333333
1561200,5,100,1.0
1561200,5,151,1.0
1561200,5,152,1.0
1561200,5,205,1.5
1561200,6,1,1.2
1561200,6,11,1.0
1561200,6,13,1.0
1561200,6,20,1.4
1561200,6,29,1.0
1561200,6,50,1.0
1561200,6,151,1.5
1561200,6,205,1.6
1561200,7,1,1.0
1561200,7,11,1.3333333333333333
1561200,7,13,1.8571428571428572
1561200,7,20,1.3333333333333333
1561200,7,29,4.0
1561200,7,50,1.0
1561200,7,100,1.0
1561200,7,151,1.0
1561200,7,152,1.0
1561200,7,205,1.0
1561200,8,1,1.4285714285714286
1561200,8,11,1.0
1561200,8,13,1.0
1561200,8,20,1.1428571428571428
1561200,8,29,1.5
1561200,8,50,1.0
1561200,8,100,1.5
1561200,8,151,1.0
1561200,8,152,1.0
1561200,8,205,1.0
1561200,9,1,1.4
1561200,9,11,4.0
1561200,9,13,1.0
1561200,9,20,1.0
1561200,9,29,1.0
1561200,9,50,1.0
1561200,9,151,1.0
1561200,9,205,1.0
1561200,10,11,1.0
1561200,10,13,1.1428571428571428
1561200,10,20,1.1428571428571428
1561200,10,29,2.5
1561200,10,50,1.0
1561200,10,100,1.0
1561200,10,151,1.3333333333333333
1561200,10,205,1.0
1561200,11,1,2.75
1561200,11,11,1.0
1561200,11,13,1.0
1561200,11,20,1.5
1561200,11,29,2.0
1561200,11,50,1.0
1561200,11,100,1.3333333333333333
1561200,11,152,1.0
1561200,11,205,1.0
1561200,12,1,1.4
1561200,12,11,1.5
1561200,12,20,1.3
1561200,12,50,1.0
1561200,12,100,1.1666666666666667
1561200,12,151,1.5
1561200,12,205,1.0
2934053,1,1,1.0
2934053,1,11,1.0
2934053,1,13,1.0
2934053,1,20,1.2
2934053,1,29,1.0
2934053,1,50,1.25
2934053,1,100,1.25
2934053,1,151,1.0
2934053,1,152,1.0
2934053,1,205,1.0
2934053,2,1,1.3333333333333333
2934053,2,11,1.0
2934053,2,13,2.0
2934053,2,20,1.3333333333333333
2934053,2,29,1.0
2934053,2,50,1.0
2934053,2,100,1.0
2934053,2,151,1.0
2934053,2,205,1.3333333333333333
2934053,3,1,1.4
2934053,3,11,1.0
2934053,3,13,1.0
2934053,3,20,1.0
2934053,3,29,1.0
2934053,3,50,1.0
2934053,3,100,1.0
2934053,3,151,1.0
2934053,3,152,1.0
2934053,3,205,1.0
2934053,4,1,2.5
2934053,4,13,1.0
2934053,4,20,1.0
2934053,4,29,1.0
2934053,4,50,1.1428571428571428
2934053,4,100,1.0
2934053,4,151,1.0
2934053,4,152,1.0
2934053,4,205,1.0
2934053,5,1,1.0
2934053,5,13,1.0
2934053,5,20,1.2
2934053,5,50,1.0
2934053,5,100,1.0
2934053,5,151,1.0
2934053,5,152,1.0
2934053,5,205,1.0
2934053,6,1,1.0
2934053,6,11,1.0
2934053,6,20,1.3333333333333333
2934053,6,29,1.0
2934053,6,50,1.0
2934053,6,151,1.0
2934053,6,205,1.0
2934053,7,1,1.0
2934053,7,11,2.0
2934053,7,13,1.375
2934053,7,20,1.0
2934053,7,29,2.0
2934053,7,50,1.0
2934053,7,151,1.0
2934053,7,152,1.0
2934053,7,205,1.0
2934053,8,1,1.5
2934053,8,13,1.0
2934053,8,20,1.25
2934053,8,29,1.0
2934053,8,50,1.3333333333333333
2934053,8,100,1.0
2934053,8,151,1.0
2934053,8,205,1.0
2934053,9,1,1.25
2934053,9,13,1.0
2934053,9,20,1.1666666666666667
2934053,9,29,1.0
2934053,9,50,1.0
2934053,9,100,1.0
2934053,9,151,1.0
2934053,10,1,1.1666666666666667
2934053,10,11,1.0
2934053,10,13,1.0
2934053,10,20,1.0
2934053,10,29,2.3333333333333335
2934053,10,50,1.0
2934053,10,100,1.0
2934053,10,151,1.0
2934053,10,205,1.0
2934053,11,1,1.0
2934053,11,11,2.0
2934053,11,13,1.0
2934053,11,20,1.0
2934053,11,29,1.5
2934053,11,50,1.1666666666666667
2934053,11,100,1.0
2934053,11,151,1.0
2934053,11,152,1.0
2934053,11,205,1.0
2934053,12,1,1.0
2934053,12,11,2.0
2934053,12,13,1.0
2934053,12,20,1.1428571428571428
2934053,12,50,1.0
2934053,12,100,1.3333333333333333
2934053,12,151,1.0
2934053,12,152,1.0
3223155,1,1,1.375
3223155,1,11,1.0
3223155,1,20,1.0
3223155,1,29,3.5
3223155,1,50,1.0
3223155,1,100,1.5333333333333334
3223155,1,151,1.0
3223155,1,152,1.0
3223155,1,205,1.0
3223155,2,1,1.7142857142857142
3223155,2,11,1.0
3223155,2,13,1.0
3223155,2,20,1.0
3223155,2,29,1.6
3223155,2,50,1.0666666666666667
3223155,2,100,1.25
3223155,2,151,1.0
3223155,2,152,2.375
3223155,2,205,1.0
3223155,3,1,1.5
3223155,3,11,4.333333333333333
3223155,3,20,1.0
3223155,3,29,1.6
3223155,3,50,1.3636363636363635
3223155,3,100,1.2857142857142858
3223155,3,152,2.0
3223155,3,205,1.0
3223155,4,1,1.1111111111111112
3223155,4,11,1.0
3223155,4,13,1.0
3223155,4,20,3.25
3223155,4,29,3.4
3223155,4,50,1.25
3223155,4,100,1.3571428571428572
3223155,4,152,1.3333333333333333
3223155,4,205,1.0
3223155,5,1,1.2857142857142858
3223155,5,11,2.0
3223155,5,13,1.0
3223155,5,29,1.5
3223155,5,50,1.3846153846153846
3223155,5,100,2.625
3223155,5,151,1.0
3223155,5,152,1.0
3223155,5,205,1.0
3223155,6,1,1.0
3223155,6,11,1.5
3223155,6,20,1.0
3223155,6,29,1.0
3223155,6,50,1.4
3223155,6,100,1.0
3223155,6,151,1.0
3223155,6,152,1.0
3223155,6,205,1.0
3223155,7,1,1.3333333333333333
3223155,7,20,1.0
3223155,7,29,1.0
3223155,7,50,1.3333333333333333
3223155,7,100,2.25
3223155,7,151,1.0
3223155,7,152,1.0
3223155,8,1,1.5
3223155,8,11,1.0
3223155,8,13,2.0
3223155,8,20,1.0
3223155,8,29,2.4
3223155,8,50,1.0
3223155,8,100,1.2857142857142858
3223155,8,151,1.0
3223155,8,152,1.0
3223155,8,205,1.0
3223155,9,1,1.6
3223155,9,11,6.0
3223155,9,20,5.5
3223155,9,50,1.0
3223155,9,100,1.6666666666666667
3223155,9,151,1.0
3223155,9,152,2.3333333333333335
3223155,9,205,1.0
3223155,10,1,1.0
3223155,10,11,6.0
3223155,10,20,1.0
3223155,10,29,2.5
3223155,10,50,1.125
3223155,10,100,1.7777777777777777
3223155,10,151,1.0
3223155,10,152,1.8
3223155,10,205,1.0
3223155,11,1,2.1666666666666665
3223155,11,11,2.0
3223155,11,13,1.0
3223155,11,20,1.0
3223155,11,29,1.25
3223155,11,50,1.3
3223155,11,100,4.0
3223155,11,151,1.75
3223155,11,152,2.125
3223155,11,205,1.0
3223155,12,1,1.0
3223155,12,11,1.0
3223155,12,13,1.0
3223155,12,20,1.5
3223155,12,50,1.25
3223155,12,100,1.6666666666666667
3223155,12,151,1.0
3223155,12,152,1.0
3261644,1,1,1.3
3261644,1,11,1.0
3261644,1,13,1.25
3261644,1,20,1.0
3261644,1,29,1.5
3261644,1,50,1.2666666666666666
3261644,1,100,3.1
3261644,1,151,1.0
3261644,1,152,1.0
3261644,2,1,3.260869565217391
3261644,2,11,1.3
3261644,2,13,1.0
3261644,2,20,1.1428571428571428
3261644,2,29,1.0
3261644,2,50,1.6363636363636365
3261644,2,100,1.76
3261644,2,151,1.0
3261644,2,152,1.5
3261644,2,205,2.6666666666666665
3261644,3,1,1.76
3261644,3,11,2.0
3261644,3,13,1.0
3261644,3,20,1.0
3261644,3,29,1.6666666666666667
3261644,3,50,1.3846153846153846
3261644,3,100,2.375
3261644,3,151,3.4
3261644,3,152,1.0
3261644,3,205,1.0
3261644,4,1,1.2222222222222223
3261644,4,11,1.0
3261644,4,13,2.0
3261644,4,20,1.0769230769230769
3261644,4,29,2.2
3261644,4,50,1.0952380952380953
3261644,4,100,2.0
3261644,4,151,1.1111111111111112
3261644,4,152,1.0
3261644,5,1,2.0
3261644,5,11,2.0
3261644,5,13,1.5
3261644,5,20,1.0
3261644,5,29,2.0
3261644,5,50,1.5
3261644,5,100,1.9090909090909092
3261644,5,151,1.1428571428571428
3261644,5,152,1.25
3261644,5,205,1.5
3261644,6,1,3.5
3261644,6,11,1.0
3261644,6,13,2.0
3261644,6,20,1.1666666666666667
3261644,6,29,1.4
3261644,6,50,1.1666666666666667
3261644,6,100,2.142857142857143
3261644,6,151,1.4285714285714286
3261644,6,152,1.0
3261644,6,205,2.0
3261644,7,1,1.3636363636363635
3261644,7,11,1.0
3261644,7,13,1.0
3261644,7,20,1.25
3261644,7,29,1.2
3261644,7,50,1.0
3261644,7,100,4.0
3261644,7,151,1.0909090909090908
3261644,8,1,1.7647058823529411
3261644,8,11,1.0
3261644,8,13,1.0
3261644,8,20,1.4285714285714286
3261644,8,29,1.0
3261644,8,50,1.25
3261644,8,100,2.3
3261644,8,151,2.8333333333333335
3261644,8,152,1.0
3261644,8,205,1.0
3261644,9,1,1.9285714285714286
3261644,9,11,2.3333333333333335
3261644,9,13,2.0
3261644,9,20,1.0
3261644,9,29,1.0
3261644,9,50,1.0
3261644,9,100,1.5714285714285714
3261644,9,151,1.0
3261644,9,152,3.0
3261644,10,1,1.2666666666666666
3261644,10,11,1.0
3261644,10,13,1.75
3261644,10,20,1.3333333333333333
3261644,10,29,1.1666666666666667
3261644,10,50,1.1428571428571428
3261644,10,100,2.6666666666666665
3261644,10,151,2.0
3261644,10,205,2.6666666666666665
3261644,11,1,1.0
3261644,11,11,1.25
3261644,11,13,1.5
3261644,11,20,1.5
3261644,11,29,2.6666666666666665
3261644,11,50,1.0
3261644,11,100,1.6153846153846154
3261644,11,151,1.5
3261644,11,152,1.0
3261644,11,205,1.0
3261644,12,1,2.1538461538461537
3261644,12,11,1.75
3261644,12,13,7.75
3261644,12,20,1.5416666666666667
3261644,12,29,1.25
3261644,12,50,1.0
3261644,12,100,2.5
3261644,12,151,1.0
3261644,12,152,1.0
3261644,12,205,1.0
3466688,1,1,1.2222222222222223
3466688,1,11,1.0
3466688,1,13,1.0
3466688,1,20,1.2
3466688,1,29,1.25
3466688,1,50,1.6666666666666667
3466688,1,100,2.0
3466688,1,151,1.0
3466688,1,152,1.0
3466688,1,205,1.2
3466688,2,1,1.1428571428571428
3466688,2,11,1.0
3466688,2,13,1.5
3466688,2,20,1.25
3466688,2,29,1.0
3466688,2,50,1.2
3466688,2,100,1.0
3466688,2,151,1.0
3466688,2,152,1.75
3466688,2,205,1.0
3466688,3,1,1.5
3466688,3,11,1.0
3466688,3,13,1.0
3466688,3,20,1.0
3466688,3,29,2.5
3466688,3,50,1.0
3466688,3,100,1.0
3466688,3,151,1.0
3466688,3,152,1.0
3466688,3,205,1.0
3466688,4,1,1.0
3466688,4,11,1.0
3466688,4,13,1.4
3466688,4,20,1.0
3466688,4,29,3.0
3466688,4,50,1.1666666666666667
3466688,4,151,1.3333333333333333
3466688,4,152,1.0
3466688,4,205,1.0
3466688,5,1,1.0
3466688,5,13,1.0
3466688,5,20,1.0
3466688,5,29,1.5
3466688,5,50,1.5
3466688,5,100,1.0
3466688,5,151,1.5
3466688,5,152,1.0
3466688,5,205,1.4
3466688,6,1,1.75
3466688,6,11,1.0
3466688,6,13,1.0
3466688,6,20,1.3333333333333333
3466688,6,29,1.0
3466688,6,50,1.0
3466688,6,100,1.0
3466688,6,151,1.0
3466688,6,152,1.0
3466688,6,205,1.0
3466688,7,1,1.0
3466688,7,11,1.0
3466688,7,13,1.0
3466688,7,20,1.1428571428571428
3466688,7,29,2.5
3466688,7,50,1.0
3466688,7,100,1.0
3466688,7,151,1.0
3466688,7,205,1.0
3466688,8,1,1.0
3466688,8,11,1.0
3466688,8,20,1.0
3466688,8,29,6.0
3466688,8,50,2.0
3466688,8,100,1.1666666666666667
3466688,8,151,1.0
3466688,8,152,1.0
3466688,8,205,1.0
3466688,9,1,1.1666666666666667
3466688,9,13,1.0
3466688,9,20,1.0
3466688,9,50,1.0
3466688,9,100,1.0
3466688,9,151,1.0
3466688,9,152,1.0
3466688,9,205,1.0
3466688,10,1,1.25
3466688,10,11,1.0
3466688,10,13,1.0
3466688,10,20,1.0
3466688,10,29,1.5
3466688,10,50,1.0
3466688,10,100,1.0
3466688,10,151,1.0
3466688,10,152,1.0
3466688,10,205,1.5
3466688,11,1,1.0
3466688,11,13,1.0
3466688,11,20,1.5
3466688,11,29,1.0
3466688,11,50,1.5
3466688,11,100,1.0
3466688,11,151,1.0
3466688,11,205,1.0
3466688,12,1,1.25
3466688,12,20,1.4444444444444444
3466688,12,29,1.0
3466688,12,50,1.0
3466688,12,100,1.0
3466688,12,151,1.5
3466688,12,152,1.0
3466688,12,205,1.0
3608960,1,1,3.6666666666666665
3608960,1,11,1.5
3608960,1,13,3.3333333333333335
3608960,1,20,1.5
3608960,1,29,3.0
3608960,1,50,2.0
3608960,1,100,2.4285714285714284
3608960,1,151,2.5
3608960,1,152,1.0
3608960,1,205,1.5
3608960,2,1,1.25
3608960,2,11,1.6666666666666667
3608960,2,20,2.0
3608960,2,29,1.0
3608960,2,50,2.0714285714285716
3608960,2,100,4.25
3608960,2,151,2.0
3608960,2,152,1.5
3608960,2,205,2.0
3608960,3,1,3.5555555555555554
3608960,3,11,5.5
3608960,3,13,6.0
3608960,3,20,2.0
3608960,3,29,2.0
3608960,3,50,1.3333333333333333
3608960,3,100,3.8
3608960,3,151,1.0
3608960,3,152,3.6
3608960,4,1,3.272727272727273
3608960,4,11,5.5
3608960,4,13,3.0
3608960,4,20,1.0
3608960,4,29,5.0
3608960,4,50,1.8181818181818181
3608960,4,100,1.7142857142857142
3608960,4,151,1.0
3608960,4,152,1.0
3608960,5,1,3.2222222222222223
3608960,5,11,1.0
3608960,5,13,2.0
3608960,5,20,1.8
3608960,5,29,1.5
3608960,5,50,1.5789473684210527
3608960,5,100,3.0
3608960,5,151,1.0
3608960,5,152,2.0
3608960,5,205,2.0
3608960,6,1,4.0
3608960,6,11,2.0
3608960,6,20,1.0
3608960,6,29,1.75
3608960,6,50,1.6666666666666667
3608960,6,100,4.4
3608960,6,151,2.0
3608960,6,152,1.0
3608960,6,205,1.6666666666666667
3608960,7,1,8.0
3608960,7,13,4.75
3608960,7,20,1.0
3608960,7,29,1.6666666666666667
3608960,7,50,1.6666666666666667
3608960,7,100,1.8333333333333333
3608960,7,152,2.0
3608960,7,205,1.0
3608960,8,1,4.4
3608960,8,11,1.0
3608960,8,13,3.0
3608960,8,20,1.3333333333333333
3608960,8,29,2.0
3608960,8,50,1.6666666666666667
3608960,8,100,2.4285714285714284
3608960,8,152,1.5
3608960,8,205,2.0
3608960,9,1,2.6666666666666665
3608960,9,13,3.5
3608960,9,20,6.0
3608960,9,29,2.0
3608960,9,50,1.5
3608960,9,100,3.0
3608960,9,151,1.0
3608960,9,205,1.0
3608960,10,1,3.6666666666666665
3608960,10,13,1.0
3608960,10,20,1.0
3608960,10,29,1.0
3608960,10,50,2.2
3608960,10,100,1.0
3608960,10,151,1.3333333333333333
3608960,10,152,1.0
3608960,10,205,1.5
3608960,11,1,2.6666666666666665
3608960,11,11,1.5
3608960,11,13,4.0
3608960,11,29,1.0
3608960,11,50,1.8333333333333333
3608960,11,100,4.0
3608960,11,151,1.0
3608960,11,152,1.5
3608960,12,1,2.5
3608960,12,11,2.0
3608960,12,13,2.0
3608960,12,20,2.8333333333333335
3608960,12,29,2.0
3608960,12,50,2.0
3608960,12,100,3.111111111111111
3608960,12,151,1.5
3608960,12,152,1.0
3619554,1,1,1.2222222222222223
3619554,1,11,1.1666666666666667
3619554,1,13,1.0
3619554,1,20,1.1
3619554,1,29,1.0
3619554,1,50,1.2
3619554,1,100,1.2857142857142858
3619554,1,151,1.0
3619554,1,152,1.0
3619554,1,205,1.0
3619554,2,1,1.1428571428571428
3619554,2,11,1.0
3619554,2,13,1.0
3619554,2,20,1.0
3619554,2,29,3.0
3619554,2,50,1.25
3619554,2,100,1.25
3619554,2,205,1.0
3619554,3,1,1.1111111111111112
3619554,3,11,1.0
3619554,3,13,1.0
3619554,3,20,1.1428571428571428
3619554,3,29,2.0
3619554,3,50,1.1666666666666667
3619554,3,100,1.0
3619554,3,151,1.0
3619554,3,152,1.0
3619554,3,205,1.0
3619554,4,1,2.0
3619554,4,13,1.0
3619554,4,20,1.25
3619554,4,29,1.0
3619554,4,50,1.0
3619554,4,100,1.0
3619554,4,151,1.0
3619554,4,205,1.0
3619554,5,1,1.0
3619554,5,11,1.0
3619554,5,13,1.0
3619554,5,20,1.0
3619554,5,29,3.0
3619554,5,50,1.6666666666666667
3619554,5,100,1.1666666666666667
3619554,5,151,1.0
3619554,5,152,1.0
3619554,5,205,1.0
3619554,6,1,1.2
3619554,6,11,1.0
3619554,6,20,1.3333333333333333
3619554,6,50,1.0
3619554,6,100,1.0
3619554,6,152,1.0
3619554,6,205,1.0
3619554,7,1,1.0
3619554,7,11,1.0
3619554,7,13,1.0
3619554,7,20,1.0
3619554,7,50,1.0
3619554,7,151,1.0
3619554,7,152,1.0
3619554,7,205,1.0
3619554,8,1,1.75
3619554,8,11,1.0
3619554,8,13,1.0
3619554,8,20,1.0
3619554,8,29,1.0
3619554,8,50,1.0
3619554,8,100,1.0
3619554,8,151,1.0
3619554,8,152,1.0
3619554,8,205,1.0
3619554,9,1,1.3333333333333333
3619554,9,13,1.0
3619554,9,20,1.0
3619554,9,29,1.0
3619554,9,50,1.3333333333333333
3619554,9,152,1.0
3619554,10,1,1.3333333333333333
3619554,10,11,1.0
3619554,10,13,1.0
3619554,10,20,1.0
3619554,10,29,1.0
3619554,10,151,1.0
3619554,10,152,1.0
3619554,10,205,1.0
3619554,11,1,1.3333333333333333
3619554,11,11,1.0
3619554,11,13,1.0
3619554,11,20,1.2
3619554,11,29,2.0
3619554,11,50,1.0
3619554,11,100,1.0
3619554,11,151,1.0
3619554,12,1,1.1428571428571428
3619554,12,11,1.5
3619554,12,20,1.3076923076923077
3619554,12,29,2.0
3619554,12,50,1.0
3619554,12,100,1.5
3619554,12,152,1.0
4385386,1,1,1.1111111111111112
4385386,1,11,1.0
4385386,1,20,1.0
4385386,1,29,2.0
4385386,1,50,1.0
4385386,1,100,1.3846153846153846
4385386,1,151,1.0
4385386,1,152,1.0
4385386,1,205,1.0
4385386,2,1,1.2
4385386,2,11,1.0
4385386,2,13,1.0
4385386,2,20,1.0
4385386,2,29,1.0
4385386,2,50,1.0
4385386,2,100,2.0
4385386,2,151,1.0
4385386,2,152,1.6
4385386,2,205,2.0
4385386,3,1,1.4285714285714286
4385386,3,11,2.3333333333333335
4385386,3,20,1.0
4385386,3,29,1.3333333333333333
4385386,3,50,1.0
4385386,3,100,1.2857142857142858
4385386,3,151,1.0
4385386,3,152,1.0
4385386,4,1,1.1
4385386,4,11,1.0
4385386,4,13,1.0
4385386,4,20,1.0
4385386,4,29,1.0
4385386,4,50,1.4166666666666667
4385386,4,100,1.0
4385386,4,151,2.0
4385386,4,152,1.0
4385386,4,205,1.0
4385386,5,1,2.0
4385386,5,11,2.0
4385386,5,13,2.0
4385386,5,20,1.0
4385386,5,29,1.0
4385386,5,50,1.1666666666666667
4385386,5,100,2.0
4385386,5,151,1.0
4385386,5,152,1.0
4385386,6,1,1.0
4385386,6,11,1.0
4385386,6,13,1.0
4385386,6,20,1.0
4385386,6,29,1.0
4385386,6,50,1.0
4385386,6,100,1.0
4385386,6,151,1.0
4385386,6,152,1.0
4385386,6,205,1.0
4385386,7,1,2.0
4385386,7,11,1.0
4385386,7,13,5.0
4385386,7,29,1.0
4385386,7,50,1.0
4385386,7,152,1.6
4385386,8,1,1.8
4385386,8,11,1.0
4385386,8,20,1.0
4385386,8,29,2.0
4385386,8,50,1.0
4385386,8,100,1.25
4385386,8,151,1.0
4385386,8,152,1.5
4385386,8,205,1.0
4385386,9,1,2.3333333333333335
4385386,9,11,1.0
4385386,9,13,2.5
4385386,9,20,1.0
4385386,9,50,1.0
4385386,9,100,1.0
4385386,9,151,1.0
4385386,9,152,1.0
4385386,9,205,1.0
4385386,10,1,1.0
4385386,10,20,1.0
4385386,10,29,2.0
4385386,10,50,1.125
4385386,10,100,1.0
4385386,10,151,1.0
4385386,10,152,1.25
4385386,10,205,1.0
4385386,11,1,1.3333333333333333
4385386,11,11,2.75
4385386,11,13,1.0
4385386,11,20,1.0
4385386,11,29,1.0
4385386,11,50,1.3333333333333333
4385386,11,100,1.0
4385386,11,151,1.25
4385386,11,152,1.0
4385386,11,205,1.0
4385386,12,1,1.2
4385386,12,11,1.2
4385386,12,13,1.0
4385386,12,20,2.1666666666666665
4385386,12,50,1.0
4385386,12,100,1.5
4385386,12,151,1.3333333333333333
4385386,12,152,1.0
5280585,1,1,1.2
5280585,1,11,1.0
5280585,1,13,1.0
5280585,1,20,1.2
5280585,1,29,1.25
5280585,1,50,1.6666666666666667
5280585,1,100,1.8
5280585,1,151,1.0
5280585,1,152,1.0
5280585,1,205,1.2
5280585,2,1,1.0
5280585,2,11,1.0
5280585,2,13,1.25
5280585,2,20,1.3333333333333333
5280585,2,29,1.0
5280585,2,50,1.1666666666666667
5280585,2,100,1.0
5280585,2,151,1.0
5280585,2,152,1.75
5280585,2,205,1.0
5280585,3,1,2.6
5280585,3,11,1.0
5280585,3,13,1.0
5280585,3,20,1.0
5280585,3,29,2.5
5280585,3,50,1.0
5280585,3,100,2.0
5280585,3,151,1.0
5280585,3,152,1.0
5280585,3,205,1.0
5280585,4,1,1.25
5280585,4,11,1.0
5280585,4,13,1.8333333333333333
5280585,4,20,1.0
5280585,4,29,3.4
5280585,4,50,1.1428571428571428
5280585,4,151,1.3333333333333333
5280585,4,205,1.0
5280585,5,1,1.0
5280585,5,13,1.0
5280585,5,20,1.0
5280585,5,29,1.25
5280585,5,50,1.4
5280585,5,100,1.0
5280585,5,151,1.0
5280585,5,152,1.0
5280585,5,205,1.4
5280585,6,1,1.6
5280585,6,11,1.0
5280585,6,13,1.0
5280585,6,20,1.5
5280585,6,29,1.0
5280585,6,50,1.2
5280585,6,100,1.0
5280585,6,151,1.0
5280585,6,152,1.0
5280585,6,205,1.0
5280585,7,1,1.0
5280585,7,11,1.0
5280585,7,13,1.0
5280585,7,20,1.1428571428571428
5280585,7,29,2.0
5280585,7,50,1.0
5280585,7,100,1.0
5280585,7,151,1.0
5280585,7,205,1.0
5280585,8,1,1.0
5280585,8,11,1.0
5280585,8,20,1.0
5280585,8,29,2.0
5280585,8,50,2.0
5280585,8,100,1.0
5280585,8,151,1.0
5280585,8,152,1.0
5280585,8,205,1.0
5280585,9,1,1.125
5280585,9,13,1.0
5280585,9,20,1.0
5280585,9,50,1.25
5280585,9,100,1.0
5280585,9,151,1.0
5280585,9,152,1.0
5280585,9,205,1.0
5280585,10,1,1.2
5280585,10,11,1.0
5280585,10,13,1.3333333333333333
5280585,10,20,1.0
5280585,10,29,1.5
5280585,10,50,1.0
5280585,10,100,1.0
5280585,10,151,1.0
5280585,10,152,1.0
5280585,10,205,1.0
5280585,11,1,1.0
5280585,11,13,1.0
5280585,11,20,1.25
5280585,11,29,1.0
5280585,11,50,1.75
5280585,11,100,1.0
5280585,11,151,1.0
5280585,11,205,1.0
5280585,12,1,1.5
5280585,12,13,1.0
5280585,12,20,1.4
5280585,12,29,1.0
5280585,12,50,1.0
5280585,12,100,1.25
5280585,12,151,1.0
5280585,12,152,1.0
5280585,12,205,1.0
1R0739,1,1,2.3
1R0739,1,11,1.1428571428571428
1R0739,1,13,1.6666666666666667
1R0739,1,20,1.4
1R0739,1,29,1.0
1R0739,1,50,2.0
1R0739,1,100,2.0
1R0739,1,151,1.1
1R0739,1,152,1.0
1R0739,1,205,1.1428571428571428
1R0739,2,1,2.6153846153846154
1R0739,2,11,2.6666666666666665
1R0739,2,13,1.3333333333333333
1R0739,2,20,1.1666666666666667
1R0739,2,29,1.0
1R0739,2,50,1.4
1R0739,2,100,3.3333333333333335
1R0739,2,152,1.3846153846153846
1R0739,2,205,1.3333333333333333
1R0739,3,1,1.2727272727272727
1R0739,3,11,5.5
1R0739,3,13,1.0
1R0739,3,20,1.0
1R0739,3,29,1.375
1R0739,3,50,1.375
1R0739,3,100,1.3333333333333333
1R0739,3,151,1.0
1R0739,3,152,1.0
1R0739,3,205,1.0
1R0739,4,1,1.375
1R0739,4,11,1.5
1R0739,4,13,3.25
1R0739,4,20,1.0
1R0739,4,29,1.5
1R0739,4,50,1.8
1R0739,4,100,1.1428571428571428
1R0739,4,151,1.0
1R0739,4,152,1.1666666666666667
1R0739,4,205,2.0
1R0739,5,1,1.5
1R0739,5,11,1.0
1R0739,5,20,1.0
1R0739,5,29,2.0
1R0739,5,50,1.1818181818181819
1R0739,5,100,2.75
1R0739,5,151,2.5
1R0739,5,152,1.125
1R0739,6,1,2.75
1R0739,6,11,1.0
1R0739,6,13,6.0
1R0739,6,20,1.0
1R0739,6,29,1.0
1R0739,6,50,2.375
1R0739,6,100,4.0
1R0739,6,151,1.0
1R0739,6,152,1.0
1R0739,6,205,2.6666666666666665
1R0739,7,1,1.375
1R0739,7,11,1.0
1R0739,7,20,1.0
1R0739,7,29,1.3333333333333333
1R0739,7,50,1.0
1R0739,7,100,1.0
1R0739,7,151,1.0
1R0739,7,152,1.0
1R0739,7,205,1.0
1R0739,8,1,1.3636363636363635
1R0739,8,11,1.0
1R0739,8,13,2.0
1R0739,8,20,1.0
1R0739,8,29,1.5
1R0739,8,50,1.3333333333333333
1R0739,8,100,1.2857142857142858
1R0739,8,151,1.0
1R0739,8,152,1.0
1R0739,8,205,1.0
1R0739,9,1,1.6666666666666667
1R0739,9,11,1.0
1R0739,9,20,1.2
1R0739,9,29,1.0
1R0739,9,50,1.0
1R0739,9,100,1.3333333333333333
1R0739,9,151,1.0
1R0739,9,152,1.0
1R0739,9,205,1.0
1R0739,10,1,1.3846153846153846
1R0739,10,13,2.5
1R0739,10,20,1.0
1R0739,10,29,2.5714285714285716
1R0739,10,50,1.0
1R0739,10,100,1.8333333333333333
1R0739,10,151,1.6
1R0739,10,152,1.0
1R0739,10,205,1.0
1R0739,11,1,1.1666666666666667
1R0739,11,11,1.0
1R0739,11,13,1.3333333333333333
1R0739,11,20,1.6666666666666667
1R0739,11,29,1.0
1R0739,11,50,1.3333333333333333
1R0739,11,100,4.8
1R0739,11,151,1.2
1R0739,11,152,1.0
1R0739,11,205,1.0
1R0739,12,1,2.0
1R0739,12,11,1.4
1R0739,12,20,1.3636363636363635
1R0739,12,29,1.5
1R0739,12,50,1.0
1R0739,12,100,1.0
1R0739,12,151,1.0
1R0739,12,152,1.0
1R0739,12,205,1.0
1R0751,1,1,2.28
1R0751,1,11,1.8333333333333333
1R0751,1,13,1.0
1R0751,1,20,1.4166666666666667
1R0751,1,29,2.5
1R0751,1,50,2.75
1R0751,1,100,2.111111111111111
1R0751,1,151,1.8
1R0751,1,152,1.6
1R0751,1,205,3.0
1R0751,2,1,3.3846153846153846
1R0751,2,11,2.5
1R0751,2,13,1.75
1R0751,2,20,1.6666666666666667
1R0751,2,29,1.75
1R0751,2,50,1.9230769230769231
1R0751,2,100,3.4166666666666665
1R0751,2,151,1.0
1R0751,2,152,1.9333333333333333
1R0751,2,205,4.25
1R0751,3,1,2.0
1R0751,3,11,1.7142857142857142
1R0751,3,13,2.0
1R0751,3,20,2.0
1R0751,3,29,1.8571428571428572
1R0751,3,50,1.7777777777777777
1R0751,3,100,2.9
1R0751,3,151,1.8571428571428572
1R0751,3,152,1.6
1R0751,3,205,1.0
1R0751,4,1,2.2222222222222223
1R0751,4,11,3.5
1R0751,4,13,4.0
1R0751,4,20,1.7142857142857142
1R0751,4,29,2.9
1R0751,4,50,1.8571428571428572
1R0751,4,100,1.6666666666666667
1R0751,4,151,2.5
1R0751,4,152,1.5
1R0751,5,1,2.0
1R0751,5,11,1.5
1R0751,5,13,3.0
1R0751,5,20,1.6666666666666667
1R0751,5,29,1.0
1R0751,5,50,1.6875
1R0751,5,100,3.1666666666666665
1R0751,5,151,1.7777777777777777
1R0751,5,152,1.2
1R0751,5,205,2.5
1R0751,6,1,4.6923076923076925
1R0751,6,11,1.0
1R0751,6,13,2.0
1R0751,6,20,1.5714285714285714
1R0751,6,29,1.5
1R0751,6,50,2.9
1R0751,6,151,1.6666666666666667
1R0751,6,152,1.4285714285714286
1R0751,6,205,4.0
1R0751,7,1,2.3
1R0751,7,11,2.0
1R0751,7,13,5.5
1R0751,7,20,2.0
1R0751,7,29,1.75
1R0751,7,50,2.3333333333333335
1R0751,7,100,4.0
1R0751,7,151,2.7777777777777777
1R0751,7,152,1.0
1R0751,7,205,1.0
1R0751,8,1,2.6666666666666665
1R0751,8,11,2.0
1R0751,8,13,4.0
1R0751,8,20,1.375
1R0751,8,29,1.25
1R0751,8,50,1.5714285714285714
1R0751,8,100,3.0
1R0751,8,151,2.7142857142857144
1R0751,8,152,1.6666666666666667
1R0751,8,205,1.0
1R0751,9,1,2.5
1R0751,9,11,2.0
1R0751,9,13,4.0
1R0751,9,20,1.6666666666666667
1R0751,9,50,2.875
1R0751,9,100,2.75
1R0751,9,151,2.0
1R0751,9,152,1.5
1R0751,10,1,2.5
1R0751,10,11,1.5
1R0751,10,13,2.25
1R0751,10,20,1.5
1R0751,10,29,4.0
1R0751,10,50,1.6666666666666667
1R0751,10,100,1.75
1R0751,10,151,2.0
1R0751,10,152,1.0
1R0751,10,205,1.0
1R0751,11,1,2.125
1R0751,11,11,1.8
1R0751,11,13,1.0
1R0751,11,20,2.3333333333333335
1R0751,11,29,1.5
1R0751,11,50,1.25
1R0751,11,100,6.0
1R0751,11,151,2.8
1R0751,11,152,1.75
1R0751,12,1,2.5
1R0751,12,11,2.0
1R0751,12,13,4.0
1R0751,12,20,3.0625
1R0751,12,29,1.5
1R0751,12,50,1.7777777777777777
1R0751,12,100,1.2857142857142858
1R0751,12,151,2.25
1R0762,1,1,1.4444444444444444
1R0762,1,11,1.0
1R0762,1,13,1.0
1R0762,1,20,1.6
1R0762,1,29,1.0
1R0762,1,50,1.0
1R0762,1,100,1.5714285714285714
1R0762,1,152,1.0
1R0762,2,1,1.3846153846153846
1R0762,2,11,1.0
1R0762,2,13,1.0
1R0762,2,20,1.8
1R0762,2,29,1.0
1R0762,2,50,1.0
1R0762,2,100,1.1428571428571428
1R0762,2,152,1.75
1R0762,2,205,1.0
1R0762,3,1,1.2307692307692308
1R0762,3,11,1.6666666666666667
1R0762,3,13,1.0
1R0762,3,20,1.0
1R0762,3,29,1.0
1R0762,3,50,1.0
1R0762,3,100,2.5
1R0762,3,151,1.5
1R0762,3,152,1.0
1R0762,3,205,1.0
1R0762,4,1,1.5
1R0762,4,11,1.0
1R0762,4,13,1.0
1R0762,4,20,1.2
1R0762,4,29,1.0
1R0762,4,50,1.0
1R0762,4,100,1.0
1R0762,4,151,2.0
1R0762,5,1,1.6
1R0762,5,20,2.0
1R0762,5,29,1.0
1R0762,5,100,1.0
1R0762,5,151,1.5
1R0762,5,152,1.5
1R0762,5,205,1.0
1R0762,6,1,1.6666666666666667
1R0762,6,11,1.0
1R0762,6,20,1.5
1R0762,6,29,1.0
1R0762,6,50,1.0
1R0762,6,100,1.0
1R0762,6,151,4.0
1R0762,7,1,1.5
1R0762,7,11,1.0
1R0762,7,13,1.0
1R0762,7,20,2.0
1R0762,7,29,1.0
1R0762,7,50,1.0
1R0762,7,100,1.0
1R0762,7,151,1.0
1R0762,8,1,1.3333333333333333
1R0762,8,11,1.0
1R0762,8,13,1.0
1R0762,8,20,1.3333333333333333
1R0762,8,29,1.0
1R0762,8,50,1.0
1R0762,8,100,1.0
1R0762,8,151,1.0
1R0762,8,152,1.0
1R0762,8,205,1.0
1R0762,9,1,1.5
1R0762,9,13,1.0
1R0762,9,20,1.0
1R0762,9,29,1.0
1R0762,9,50,1.0
1R0762,9,100,1.2222222222222223
1R0762,9,151,1.0
1R0762,9,205,1.0
1R0762,10,1,1.25
1R0762,10,20,1.3333333333333333
1R0762,10,50,1.0
1R0762,10,151,1.0
1R0762,11,1,1.0
1R0762,11,11,2.0
1R0762,11,13,1.2
1R0762,11,20,1.6666666666666667
1R0762,11,50,1.0
1R0762,11,100,1.5555555555555556
1R0762,11,151,1.0
1R0762,11,152,1.0
1R0762,11,205,1.0
1R0762,12,1,1.2941176470588236
1R0762,12,11,2.0
1R0762,12,20,1.0
1R0762,12,29,1.3333333333333333
1R0762,12,50,1.0
1R0762,12,100,1.0
1R0762,12,151,1.0
1R0762,12,152,1.0
1R0762,12,205,1.0
1R1804,1,1,2.0
1R1804,1,11,1.0
1R1804,1,13,1.0
1R1804,1,20,3.0
1R1804,1,29,1.0
1R1804,1,50,1.2727272727272727
1R1804,1,100,1.1578947368421053
1R1804,1,151,1.0
1R1804,1,152,1.0
1R1804,1,205,1.0
1R1804,2,1,1.4285714285714286
1R1804,2,11,1.0
1R1804,2,13,1.6666666666666667
1R1804,2,20,1.0
1R1804,2,29,1.0
1R1804,2,50,1.25
1R1804,2,100,1.6666666666666667
1R1804,2,151,1.0
1R1804,2,152,1.7857142857142858
1R1804,2,205,1.0
1R1804,3,1,2.0
1R1804,3,11,1.3333333333333333
1R1804,3,13,1.0
1R1804,3,20,1.0
1R1804,3,29,1.2
1R1804,3,50,1.1666666666666667
1R1804,3,100,1.0
1R1804,3,151,1.4
1R1804,3,152,1.0
1R1804,3,205,1.0
1R1804,4,1,1.4285714285714286
1R1804,4,11,1.0
1R1804,4,13,1.3333333333333333
1R1804,4,20,1.0
1R1804,4,29,3.0
1R1804,4,50,1.5
1R1804,4,100,1.0
1R1804,4,151,1.0
1R1804,4,152,1.0
1R1804,4,205,1.0
1R1804,5,1,1.25
1R1804,5,11,2.0
1R1804,5,13,1.5
1R1804,5,20,1.0
1R1804,5,29,1.3333333333333333
1R1804,5,50,1.1666666666666667
1R1804,5,100,2.0
1R1804,5,151,1.6
1R1804,5,152,1.0
1R1804,5,205,1.3333333333333333
1R1804,6,1,2.6
1R1804,6,11,1.0
1R1804,6,13,1.0
1R1804,6,20,2.4285714285714284
1R1804,6,29,1.0
1R1804,6,50,1.1666666666666667
1R1804,6,100,1.0
1R1804,6,151,1.0
1R1804,6,152,1.0
1R1804,6,205,1.0
1R1804,7,1,1.0
1R1804,7,13,1.0
1R1804,7,20,2.0
1R1804,7,29,1.0
1R1804,7,50,1.0
1R1804,7,100,1.0
1R1804,7,151,1.0
1R1804,7,152,1.0
1R1804,7,205,1.0
1R1804,8,1,1.5
1R1804,8,11,1.0
1R1804,8,13,1.0
1R1804,8,20,1.2
1R1804,8,29,1.0
1R1804,8,50,1.0
1R1804,8,100,2.125
1R1804,8,151,1.0
1R1804,8,152,1.6
1R1804,8,205,1.0
1R1804,9,1,1.375
1R1804,9,13,1.0
1R1804,9,20,2.5714285714285716
1R1804,9,50,1.0
1R1804,9,100,1.0
1R1804,9,151,1.2
1R1804,9,152,1.0
1R1804,9,205,1.0
1R1804,10,1,1.375
1R1804,10,13,2.0
1R1804,10,20,1.2
1R1804,10,29,2.0
1R1804,10,50,1.0
1R1804,10,100,1.2
1R1804,10,151,1.0
1R1804,10,152,1.0
1R1804,10,205,1.0
1R1804,11,1,1.5
1R1804,11,11,3.0
1R1804,11,13,1.0
1R1804,11,20,1.5
1R1804,11,29,1.0
1R1804,11,50,1.25
1R1804,11,100,1.6
1R1804,11,151,1.0
1R1804,11,152,1.1666666666666667
1R1804,11,205,1.0
1R1804,12,1,2.5
1R1804,12,11,2.0
1R1804,12,20,2.0
1R1804,12,50,2.6666666666666665
1R1804,12,100,1.0
1R1804,12,151,1.0
1R1804,12,152,1.0
1R1804,12,205,1.0
1R1807,1,1,1.0
1R1807,1,11,1.0
1R1807,1,13,1.0
1R1807,1,20,1.0
1R1807,1,29,1.0
1R1807,1,50,1.0
1R1807,1,100,2.0
1R1807,1,151,1.0
1R1807,1,152,1.0
1R1807,1,205,2.0
1R1807,2,1,1.0
1R1807,2,11,1.0
1R1807,2,13,2.5
1R1807,2,20,1.1428571428571428
1R1807,2,50,1.0
1R1807,2,100,1.25
1R1807,2,151,1.0
1R1807,2,152,1.0
1R1807,2,205,4.0
1R1807,3,1,1.7857142857142858
1R1807,3,11,1.0
1R1807,3,13,1.0
1R1807,3,20,1.0
1R1807,3,29,1.6666666666666667
1R1807,3,50,1.0
1R1807,3,100,3.6666666666666665
1R1807,3,151,1.0
1R1807,3,152,1.0
1R1807,3,205,1.0
1R1807,4,1,1.1428571428571428
1R1807,4,11,3.5
1R1807,4,13,1.0
1R1807,4,20,1.0
1R1807,4,29,3.0
1R1807,4,50,1.0
1R1807,4,100,1.25
1R1807,4,151,1.0
1R1807,5,1,1.0
1R1807,5,11,1.0
1R1807,5,20,1.1666666666666667
1R1807,5,29,1.0
1R1807,5,50,1.0
1R1807,5,100,1.2
1R1807,5,151,4.666666666666667
1R1807,5,152,1.0
1R1807,5,205,1.5
1R1807,6,1,2.3333333333333335
1R1807,6,11,1.0
1R1807,6,13,1.0
1R1807,6,20,1.3333333333333333
1R1807,6,29,1.0
1R1807,6,50,1.0
1R1807,6,151,1.0
1R1807,6,152,1.0
1R1807,6,205,2.3333333333333335
1R1807,7,1,1.0
1R1807,7,11,1.0
1R1807,7,13,1.0
1R1807,7,20,1.75
1R1807,7,29,1.5
1R1807,7,50,1.0
1R1807,7,100,2.0
1R1807,7,205,1.0
1R1807,8,1,1.5
1R1807,8,11,1.6666666666666667
1R1807,8,13,1.0
1R1807,8,20,1.3333333333333333
1R1807,8,29,1.0
1R1807,8,50,1.0
1R1807,8,100,1.6666666666666667
1R1807,8,151,2.25
1R1807,8,152,1.0
1R1807,8,205,1.5
1R1807,9,1,1.6666666666666667
1R1807,9,50,1.0
1R1807,9,100,2.0
1R1807,9,151,1.0
1R1807,9,152,1.0
1R1807,9,205,4.0
1R1807,10,1,1.0
1R1807,10,11,1.0
1R1807,10,13,1.0
1R1807,10,20,1.4
1R1807,10,29,1.5
1R1807,10,50,1.0
1R1807,10,100,1.75
1R1807,10,151,1.0
1R1807,10,152,1.0
1R1807,10,205,1.0
1R1807,11,1,1.0
1R1807,11,11,1.5
1R1807,11,13,1.25
1R1807,11,20,1.5
1R1807,11,29,1.0
1R1807,11,50,1.25
1R1807,11,100,1.8333333333333333
1R1807,11,151,1.0
1R1807,11,152,1.0
1R1807,11,205,1.0
1R1807,12,1,1.25
1R1807,12,11,1.2
1R1807,12,13,1.0
1R1807,12,20,1.0
1R1807,12,29,1.0
1R1807,12,50,1.0
1R1807,12,100,1.0
1R1807,12,151,1.3333333333333333
1R1807,12,152,1.0
3096931-406,1,1,2.9166666666666665
3096931-406,1,11,1.9
3096931-406,1,13,1.6666666666666667
3096931-406,1,20,1.25
3096931-406,1,50,2.0
3096931-406,1,100,3.1666666666666665
3096931-406,1,151,1.6666666666666667
3096931-406,1,152,1.9166666666666667
3096931-406,1,205,2.142857142857143
3096931-406,2,1,2.0476190476190474
3096931-406,2,11,1.0
3096931-406,2,13,1.5
3096931-406,2,20,2.0
3096931-406,2,29,4.0
3096931-406,2,50,2.3636363636363638
3096931-406,2,100,2.0
3096931-406,2,151,2.75
3096931-406,2,152,1.2222222222222223
3096931-406,2,205,1.6
3096931-406,3,1,3.6470588235294117
3096931-406,3,11,1.625
3096931-406,3,13,2.0
3096931-406,3,20,1.8
3096931-406,3,50,2.0
3096931-406,3,100,3.0
3096931-406,3,151,3.4
3096931-406,3,152,1.4
3096931-406,3,205,1.3333333333333333
3096931-406,4,1,2.0
3096931-406,4,11,1.5
3096931-406,4,13,2.857142857142857
3096931-406,4,20,2.0
3096931-406,4,29,3.0
3096931-406,4,50,1.375
3096931-406,4,100,4.0
3096931-406,4,151,2.25
3096931-406,4,152,1.8333333333333333
3096931-406,4,205,1.3333333333333333
3096931-406,5,1,3.0
3096931-406,5,11,1.5
3096931-406,5,13,2.0
3096931-406,5,20,2.3333333333333335
3096931-406,5,29,10.0
3096931-406,5,50,1.6666666666666667
3096931-406,5,100,2.6666666666666665
3096931-406,5,151,2.3
3096931-406,5,152,2.7142857142857144
3096931-406,5,205,4.25
3096931-406,6,1,3.272727272727273
3096931-406,6,11,2.0
3096931-406,6,13,2.0
3096931-406,6,20,2.0
3096931-406,6,50,3.5
3096931-406,6,151,1.8
3096931-406,6,152,1.5
3096931-406,6,205,2.0
3096931-406,7,1,2.3333333333333335
3096931-406,7,11,2.5
3096931-406,7,13,1.0
3096931-406,7,20,1.6666666666666667
3096931-406,7,29,2.0
3096931-406,7,50,1.25
3096931-406,7,151,10.0
3096931-406,7,205,2.5
3096931-406,8,1,1.0
3096931-406,8,11,4.5
3096931-406,8,13,2.2142857142857144
3096931-406,8,20,3.0
3096931-406,8,29,3.0
3096931-406,8,50,2.5
3096931-406,8,100,2.1
3096931-406,8,151,2.375
3096931-406,8,152,1.0
3096931-406,8,205,2.142857142857143
3096931-406,9,1,2.6666666666666665
3096931-406,9,11,1.6
3096931-406,9,13,1.8
3096931-406,9,20,4.5
3096931-406,9,29,22.0
3096931-406,9,50,1.6666666666666667
3096931-406,9,100,3.5
3096931-406,9,151,2.1
3096931-406,9,152,3.5
3096931-406,9,205,1.0
3096931-406,10,1,2.6
3096931-406,10,11,2.0
3096931-406,10,13,1.6
3096931-406,10,29,1.0
3096931-406,10,50,1.5
3096931-406,10,100,2.0
3096931-406,10,151,2.5
3096931-406,10,205,3.0
3096931-406,11,1,1.7
3096931-406,11,11,2.25
3096931-406,11,13,1.5
3096931-406,11,20,2.0
3096931-406,11,29,5.666666666666667
3096931-406,11,50,2.142857142857143
3096931-406,11,100,2.3333333333333335
3096931-406,11,151,2.6
3096931-406,11,152,1.6666666666666667
3096931-406,11,205,1.4444444444444444
3096931-406,12,1,2.9166666666666665
3096931-406,12,11,1.6666666666666667
3096931-406,12,13,2.0
3096931-406,12,20,2.0
3096931-406,12,29,1.0
3096931-406,12,50,1.6
3096931-406,12,100,1.625
3096931-406,12,151,1.0
3096931-406,12,152,1.875
3096931-406,12,205,1.0
7W2326,1,1,1.5909090909090908
7W2326,1,11,1.1
7W2326,1,13,1.5
7W2326,1,20,1.2272727272727273
7W2326,1,29,1.875
7W2326,1,50,1.2916666666666667
7W2326,1,100,1.3157894736842106
7W2326,1,151,1.2
7W2326,1,152,1.0
7W2326,1,205,1.0714285714285714
7W2326,2,1,1.2962962962962963
7W2326,2,11,1.0
7W2326,2,13,1.3333333333333333
7W2326,2,20,1.1176470588235294
7W2326,2,29,1.4285714285714286
7W2326,2,50,1.2142857142857142
7W2326,2,100,1.25
7W2326,2,151,1.0
7W2326,2,152,1.8333333333333333
7W2326,2,205,1.1818181818181819
7W2326,3,1,2.2222222222222223
7W2326,3,11,1.0
7W2326,3,13,1.0
7W2326,3,20,1.0769230769230769
7W2326,3,29,2.7142857142857144
7W2326,3,50,1.0714285714285714
7W2326,3,100,1.0
7W2326,3,151,1.2727272727272727
7W2326,3,152,1.0
7W2326,3,205,1.0
7W2326,4,1,1.9
7W2326,4,11,1.0
7W2326,4,13,1.5
7W2326,4,20,1.1538461538461537
7W2326,4,29,3.6666666666666665
7W2326,4,50,1.1666666666666667
7W2326,4,100,1.25
7W2326,4,151,1.0
7W2326,4,152,1.0
7W2326,4,205,1.1428571428571428
7W2326,5,1,2.2222222222222223
7W2326,5,11,1.0
7W2326,5,13,1.0
7W2326,5,20,1.1428571428571428
7W2326,5,29,2.0
7W2326,5,50,1.2307692307692308
7W2326,5,100,1.0
7W2326,5,151,1.0
7W2326,5,152,1.0
7W2326,5,205,1.4285714285714286
7W2326,6,1,2.066666666666667
7W2326,6,11,1.0
7W2326,6,13,1.5
7W2326,6,20,1.5833333333333333
7W2326,6,29,1.6666666666666667
7W2326,6,50,1.3846153846153846
7W2326,6,100,1.0
7W2326,6,151,1.0
7W2326,6,152,1.0
7W2326,6,205,1.5
7W2326,7,1,1.2
7W2326,7,11,1.0
7W2326,7,13,1.3636363636363635
7W2326,7,20,1.1875
7W2326,7,29,4.0
7W2326,7,50,1.0
7W2326,7,100,1.5
7W2326,7,151,1.0
7W2326,7,152,1.0
7W2326,7,205,1.1428571428571428
7W2326,8,1,2.2
7W2326,8,11,1.0
7W2326,8,13,1.1111111111111112
7W2326,8,20,1.1818181818181819
7W2326,8,29,2.0
7W2326,8,50,1.3333333333333333
7W2326,8,100,2.75
7W2326,8,151,2.090909090909091
7W2326,8,152,1.0
7W2326,8,205,1.1111111111111112
7W2326,9,1,1.5789473684210527
7W2326,9,11,3.0
7W2326,9,13,1.0
7W2326,9,20,1.1176470588235294
7W2326,9,29,1.5
7W2326,9,50,1.2857142857142858
7W2326,9,100,1.0
7W2326,9,151,1.1
7W2326,9,152,1.0
7W2326,9,205,1.25
7W2326,10,1,1.9285714285714286
7W2326,10,11,1.0
7W2326,10,13,1.8
7W2326,10,20,1.1875
7W2326,10,29,2.8
7W2326,10,50,1.3636363636363635
7W2326,10,100,1.0
7W2326,10,151,1.0
7W2326,10,152,1.0
7W2326,10,205,1.0
7W2326,11,1,2.55
7W2326,11,11,1.75
7W2326,11,13,1.5
7W2326,11,20,1.3333333333333333
7W2326,11,29,1.3333333333333333
7W2326,11,50,1.6666666666666667
7W2326,11,100,1.0
7W2326,11,151,1.1818181818181819
7W2326,11,152,1.3333333333333333
7W2326,11,205,1.0
7W2326,12,1,1.3529411764705883
7W2326,12,11,2.0
7W2326,12,13,1.0
7W2326,12,20,1.696969696969697
7W2326,12,29,3.0
7W2326,12,50,1.0666666666666667
7W2326,12,100,1.1538461538461537
7W2326,12,151,1.1428571428571428
7W2326,12,152,1.0
7W2326,12,205,1.0
8F9866,1,1,2.1666666666666665
8F9866,1,11,3.0
8F9866,1,20,1.8181818181818181
8F9866,1,29,2.0
8F9866,1,50,1.0
8F9866,1,100,5.461538461538462
8F9866,1,151,1.3333333333333333
8F9866,1,152,1.125
8F9866,1,205,1.0
8F9866,2,1,1.6666666666666667
8F9866,2,11,1.8333333333333333
8F9866,2,13,2.0
8F9866,2,20,1.1666666666666667
8F9866,2,29,1.3333333333333333
8F9866,2,50,1.9
8F9866,2,100,4.6
8F9866,2,151,1.0
8F9866,2,152,1.0
8F9866,3,1,2.0
8F9866,3,11,1.0
8F9866,3,20,1.0
8F9866,3,29,1.25
8F9866,3,50,1.1428571428571428
8F9866,3,100,2.4285714285714284
8F9866,3,151,2.0
8F9866,3,152,2.0
8F9866,3,205,3.0
8F9866,4,1,1.3333333333333333
8F9866,4,11,1.0
8F9866,4,20,1.0
8F9866,4,29,7.5
8F9866,4,50,1.3333333333333333
8F9866,4,100,3.0
8F9866,4,151,1.2
8F9866,4,152,2.5
8F9866,4,205,1.0
8F9866,5,1,5.6
8F9866,5,11,5.0
8F9866,5,13,1.0
8F9866,5,20,1.0
8F9866,5,29,1.5
8F9866,5,50,3.8
8F9866,5,100,1.5
8F9866,5,151,1.0
8F9866,5,152,1.3333333333333333
8F9866,6,1,3.0
8F9866,6,11,1.25
8F9866,6,20,1.3333333333333333
8F9866,6,29,1.6666666666666667
8F9866,6,50,1.0
8F9866,6,100,5.0
8F9866,6,151,1.0
8F9866,6,152,1.0
8F9866,7,1,1.5
8F9866,7,11,2.0
8F9866,7,20,1.3333333333333333
8F9866,7,29,3.0
8F9866,7,50,1.0
8F9866,7,100,3.0
8F9866,7,151,1.0
8F9866,7,205,1.0
8F9866,8,1,3.142857142857143
8F9866,8,13,1.0
8F9866,8,20,1.5
8F9866,8,29,1.5
8F9866,8,50,1.5
8F9866,8,100,6.857142857142857
8F9866,8,151,1.2
8F9866,8,152,1.0
8F9866,9,1,2.857142857142857
8F9866,9,11,1.0
8F9866,9,20,1.0
8F9866,9,50,3.75
8F9866,9,100,4.833333333333333
8F9866,9,151,1.5
8F9866,9,152,1.0
8F9866,9,205,1.25
8F9866,10,1,1.3333333333333333
8F9866,10,11,3.25
8F9866,10,13,1.3333333333333333
8F9866,10,20,1.5
8F9866,10,29,4.0
8F9866,10,50,1.0
8F9866,10,100,3.272727272727273
8F9866,10,151,1.0
8F9866,10,152,1.0
8F9866,11,1,1.4285714285714286
8F9866,11,11,1.0
8F9866,11,29,1.0
8F9866,11,50,1.0
8F9866,11,100,6.0
8F9866,11,151,1.3333333333333333
8F9866,11,152,1.0
8F9866,11,205,1.0
8F9866,12,1,2.6666666666666665
8F9866,12,11,1.75
8F9866,12,20,1.875
8F9866,12,29,3.5
8F9866,12,50,1.0
8F9866,12,100,6.875
8F9866,12,151,1.0
8F9866,12,152,3.0
8F9866,12,205,1.0
